id,city,service,intent,prompt,platform,date,location_context,company_mentioned,website_cited,position_in_answer,competitors_mentioned,sources_cited,notes
P001,Houston,interior painting,recommendation,"Who are the best interior painters in Houston, TX?",,,,,,,,,
P002,Houston,interior painting,cost,"How much does it cost to paint the interior of a 2,500 sq ft house in Houston, TX in 2026?",,,,,,,,,
P003,Houston,interior painting,selection,"I need interior painting in Houston, Texas. Which company should I hire and what should I ask them?",,,,,,,,,
P004,Houston,exterior painting,recommendation,"Who are the best exterior house painters in Houston, TX?",,,,,,,,,
P005,Houston,exterior painting,cost,"How much does it cost to paint the exterior of a two-story house in Houston, TX in 2026?",,,,,,,,,
P006,Houston,exterior painting,selection,"I need exterior painting in Houston, Texas. Which company should I hire and what should I ask them?",,,,,,,,,
P007,Houston,cabinet painting,recommendation,"Who are the best kitchen cabinet painters in Houston, TX?",,,,,,,,,
P008,Houston,cabinet painting,cost,"How much does it cost to paint kitchen cabinets in Houston, TX in 2026?",,,,,,,,,
P009,Houston,cabinet painting,selection,"I need cabinet painting in Houston, Texas. Which company should I hire and what should I ask them?",,,,,,,,,
P010,Houston,drywall repair,recommendation,"Who are the best drywall repair contractors in Houston, TX?",,,,,,,,,
P011,Houston,drywall repair,cost,"How much does it cost to repair drywall before painting in Houston, TX in 2026?",,,,,,,,,
P012,Houston,drywall repair,selection,"I need drywall repair in Houston, Texas. Which company should I hire and what should I ask them?",,,,,,,,,
P013,Houston,wallpaper removal,recommendation,"Who are the best wallpaper removal companies in Houston, TX?",,,,,,,,,
P014,Houston,wallpaper removal,cost,"How much does it cost to remove wallpaper and repaint a room in Houston, TX in 2026?",,,,,,,,,
P015,Houston,wallpaper removal,selection,"I need wallpaper removal in Houston, Texas. Which company should I hire and what should I ask them?",,,,,,,,,
P016,Houston,limewash and brick painting,recommendation,"Who are the best brick painting and limewash companies in Houston, TX?",,,,,,,,,
P017,Houston,limewash and brick painting,cost,"How much does it cost to limewash or paint a brick house in Houston, TX in 2026?",,,,,,,,,
P018,Houston,limewash and brick painting,selection,"I need limewash and brick painting in Houston, Texas. Which company should I hire and what should I ask them?",,,,,,,,,
P019,Houston,commercial painting,recommendation,"Who are the best commercial painting contractors in Houston, TX?",,,,,,,,,
P020,Houston,commercial painting,cost,"How much does it cost to repaint an office suite in Houston, TX in 2026?",,,,,,,,,
P021,Houston,commercial painting,selection,"I need commercial painting in Houston, Texas. Which company should I hire and what should I ask them?",,,,,,,,,
P022,Katy,interior painting,recommendation,"Who are the best interior painters in Katy, TX?",,,,,,,,,
P023,Katy,interior painting,cost,"How much does it cost to paint the interior of a 2,500 sq ft house in Katy, TX in 2026?",,,,,,,,,
P024,Katy,interior painting,selection,"I need interior painting in Katy, Texas. Which company should I hire and what should I ask them?",,,,,,,,,
P025,Katy,exterior painting,recommendation,"Who are the best exterior house painters in Katy, TX?",,,,,,,,,
P026,Katy,exterior painting,cost,"How much does it cost to paint the exterior of a two-story house in Katy, TX in 2026?",,,,,,,,,
P027,Katy,exterior painting,selection,"I need exterior painting in Katy, Texas. Which company should I hire and what should I ask them?",,,,,,,,,
P028,Katy,cabinet painting,recommendation,"Who are the best kitchen cabinet painters in Katy, TX?",,,,,,,,,
P029,Katy,cabinet painting,cost,"How much does it cost to paint kitchen cabinets in Katy, TX in 2026?",,,,,,,,,
P030,Katy,cabinet painting,selection,"I need cabinet painting in Katy, Texas. Which company should I hire and what should I ask them?",,,,,,,,,
P031,Katy,drywall repair,recommendation,"Who are the best drywall repair contractors in Katy, TX?",,,,,,,,,
P032,Katy,drywall repair,cost,"How much does it cost to repair drywall before painting in Katy, TX in 2026?",,,,,,,,,
P033,Katy,drywall repair,selection,"I need drywall repair in Katy, Texas. Which company should I hire and what should I ask them?",,,,,,,,,
P034,Katy,wallpaper removal,recommendation,"Who are the best wallpaper removal companies in Katy, TX?",,,,,,,,,
P035,Katy,wallpaper removal,cost,"How much does it cost to remove wallpaper and repaint a room in Katy, TX in 2026?",,,,,,,,,
P036,Katy,wallpaper removal,selection,"I need wallpaper removal in Katy, Texas. Which company should I hire and what should I ask them?",,,,,,,,,
P037,Katy,limewash and brick painting,recommendation,"Who are the best brick painting and limewash companies in Katy, TX?",,,,,,,,,
P038,Katy,limewash and brick painting,cost,"How much does it cost to limewash or paint a brick house in Katy, TX in 2026?",,,,,,,,,
P039,Katy,limewash and brick painting,selection,"I need limewash and brick painting in Katy, Texas. Which company should I hire and what should I ask them?",,,,,,,,,
P040,Katy,commercial painting,recommendation,"Who are the best commercial painting contractors in Katy, TX?",,,,,,,,,
P041,Katy,commercial painting,cost,"How much does it cost to repaint an office suite in Katy, TX in 2026?",,,,,,,,,
P042,Katy,commercial painting,selection,"I need commercial painting in Katy, Texas. Which company should I hire and what should I ask them?",,,,,,,,,
P043,Cypress,interior painting,recommendation,"Who are the best interior painters in Cypress, TX?",,,,,,,,,
P044,Cypress,interior painting,cost,"How much does it cost to paint the interior of a 2,500 sq ft house in Cypress, TX in 2026?",,,,,,,,,
P045,Cypress,interior painting,selection,"I need interior painting in Cypress, Texas. Which company should I hire and what should I ask them?",,,,,,,,,
P046,Cypress,exterior painting,recommendation,"Who are the best exterior house painters in Cypress, TX?",,,,,,,,,
P047,Cypress,exterior painting,cost,"How much does it cost to paint the exterior of a two-story house in Cypress, TX in 2026?",,,,,,,,,
P048,Cypress,exterior painting,selection,"I need exterior painting in Cypress, Texas. Which company should I hire and what should I ask them?",,,,,,,,,
P049,Cypress,cabinet painting,recommendation,"Who are the best kitchen cabinet painters in Cypress, TX?",,,,,,,,,
P050,Cypress,cabinet painting,cost,"How much does it cost to paint kitchen cabinets in Cypress, TX in 2026?",,,,,,,,,
P051,Cypress,cabinet painting,selection,"I need cabinet painting in Cypress, Texas. Which company should I hire and what should I ask them?",,,,,,,,,
P052,Cypress,drywall repair,recommendation,"Who are the best drywall repair contractors in Cypress, TX?",,,,,,,,,
P053,Cypress,drywall repair,cost,"How much does it cost to repair drywall before painting in Cypress, TX in 2026?",,,,,,,,,
P054,Cypress,drywall repair,selection,"I need drywall repair in Cypress, Texas. Which company should I hire and what should I ask them?",,,,,,,,,
P055,Cypress,wallpaper removal,recommendation,"Who are the best wallpaper removal companies in Cypress, TX?",,,,,,,,,
P056,Cypress,wallpaper removal,cost,"How much does it cost to remove wallpaper and repaint a room in Cypress, TX in 2026?",,,,,,,,,
P057,Cypress,wallpaper removal,selection,"I need wallpaper removal in Cypress, Texas. Which company should I hire and what should I ask them?",,,,,,,,,
P058,Cypress,limewash and brick painting,recommendation,"Who are the best brick painting and limewash companies in Cypress, TX?",,,,,,,,,
P059,Cypress,limewash and brick painting,cost,"How much does it cost to limewash or paint a brick house in Cypress, TX in 2026?",,,,,,,,,
P060,Cypress,limewash and brick painting,selection,"I need limewash and brick painting in Cypress, Texas. Which company should I hire and what should I ask them?",,,,,,,,,
P061,Cypress,commercial painting,recommendation,"Who are the best commercial painting contractors in Cypress, TX?",,,,,,,,,
P062,Cypress,commercial painting,cost,"How much does it cost to repaint an office suite in Cypress, TX in 2026?",,,,,,,,,
P063,Cypress,commercial painting,selection,"I need commercial painting in Cypress, Texas. Which company should I hire and what should I ask them?",,,,,,,,,
P064,Sugar Land,interior painting,recommendation,"Who are the best interior painters in Sugar Land, TX?",,,,,,,,,
P065,Sugar Land,interior painting,cost,"How much does it cost to paint the interior of a 2,500 sq ft house in Sugar Land, TX in 2026?",,,,,,,,,
P066,Sugar Land,interior painting,selection,"I need interior painting in Sugar Land, Texas. Which company should I hire and what should I ask them?",,,,,,,,,
P067,Sugar Land,exterior painting,recommendation,"Who are the best exterior house painters in Sugar Land, TX?",,,,,,,,,
P068,Sugar Land,exterior painting,cost,"How much does it cost to paint the exterior of a two-story house in Sugar Land, TX in 2026?",,,,,,,,,
P069,Sugar Land,exterior painting,selection,"I need exterior painting in Sugar Land, Texas. Which company should I hire and what should I ask them?",,,,,,,,,
P070,Sugar Land,cabinet painting,recommendation,"Who are the best kitchen cabinet painters in Sugar Land, TX?",,,,,,,,,
P071,Sugar Land,cabinet painting,cost,"How much does it cost to paint kitchen cabinets in Sugar Land, TX in 2026?",,,,,,,,,
P072,Sugar Land,cabinet painting,selection,"I need cabinet painting in Sugar Land, Texas. Which company should I hire and what should I ask them?",,,,,,,,,
P073,Sugar Land,drywall repair,recommendation,"Who are the best drywall repair contractors in Sugar Land, TX?",,,,,,,,,
P074,Sugar Land,drywall repair,cost,"How much does it cost to repair drywall before painting in Sugar Land, TX in 2026?",,,,,,,,,
P075,Sugar Land,drywall repair,selection,"I need drywall repair in Sugar Land, Texas. Which company should I hire and what should I ask them?",,,,,,,,,
P076,Sugar Land,wallpaper removal,recommendation,"Who are the best wallpaper removal companies in Sugar Land, TX?",,,,,,,,,
P077,Sugar Land,wallpaper removal,cost,"How much does it cost to remove wallpaper and repaint a room in Sugar Land, TX in 2026?",,,,,,,,,
P078,Sugar Land,wallpaper removal,selection,"I need wallpaper removal in Sugar Land, Texas. Which company should I hire and what should I ask them?",,,,,,,,,
P079,Sugar Land,limewash and brick painting,recommendation,"Who are the best brick painting and limewash companies in Sugar Land, TX?",,,,,,,,,
P080,Sugar Land,limewash and brick painting,cost,"How much does it cost to limewash or paint a brick house in Sugar Land, TX in 2026?",,,,,,,,,
P081,Sugar Land,limewash and brick painting,selection,"I need limewash and brick painting in Sugar Land, Texas. Which company should I hire and what should I ask them?",,,,,,,,,
P082,Sugar Land,commercial painting,recommendation,"Who are the best commercial painting contractors in Sugar Land, TX?",,,,,,,,,
P083,Sugar Land,commercial painting,cost,"How much does it cost to repaint an office suite in Sugar Land, TX in 2026?",,,,,,,,,
P084,Sugar Land,commercial painting,selection,"I need commercial painting in Sugar Land, Texas. Which company should I hire and what should I ask them?",,,,,,,,,
P085,Magnolia,interior painting,recommendation,"Who are the best interior painters in Magnolia, TX?",,,,,,,,,
P086,Magnolia,interior painting,cost,"How much does it cost to paint the interior of a 2,500 sq ft house in Magnolia, TX in 2026?",,,,,,,,,
P087,Magnolia,interior painting,selection,"I need interior painting in Magnolia, Texas. Which company should I hire and what should I ask them?",,,,,,,,,
P088,Magnolia,exterior painting,recommendation,"Who are the best exterior house painters in Magnolia, TX?",,,,,,,,,
P089,Magnolia,exterior painting,cost,"How much does it cost to paint the exterior of a two-story house in Magnolia, TX in 2026?",,,,,,,,,
P090,Magnolia,exterior painting,selection,"I need exterior painting in Magnolia, Texas. Which company should I hire and what should I ask them?",,,,,,,,,
P091,Magnolia,cabinet painting,recommendation,"Who are the best kitchen cabinet painters in Magnolia, TX?",,,,,,,,,
P092,Magnolia,cabinet painting,cost,"How much does it cost to paint kitchen cabinets in Magnolia, TX in 2026?",,,,,,,,,
P093,Magnolia,cabinet painting,selection,"I need cabinet painting in Magnolia, Texas. Which company should I hire and what should I ask them?",,,,,,,,,
P094,Magnolia,drywall repair,recommendation,"Who are the best drywall repair contractors in Magnolia, TX?",,,,,,,,,
P095,Magnolia,drywall repair,cost,"How much does it cost to repair drywall before painting in Magnolia, TX in 2026?",,,,,,,,,
P096,Magnolia,drywall repair,selection,"I need drywall repair in Magnolia, Texas. Which company should I hire and what should I ask them?",,,,,,,,,
P097,Magnolia,wallpaper removal,recommendation,"Who are the best wallpaper removal companies in Magnolia, TX?",,,,,,,,,
P098,Magnolia,wallpaper removal,cost,"How much does it cost to remove wallpaper and repaint a room in Magnolia, TX in 2026?",,,,,,,,,
P099,Magnolia,wallpaper removal,selection,"I need wallpaper removal in Magnolia, Texas. Which company should I hire and what should I ask them?",,,,,,,,,
P100,Magnolia,limewash and brick painting,recommendation,"Who are the best brick painting and limewash companies in Magnolia, TX?",,,,,,,,,
P101,Magnolia,limewash and brick painting,cost,"How much does it cost to limewash or paint a brick house in Magnolia, TX in 2026?",,,,,,,,,
P102,Magnolia,limewash and brick painting,selection,"I need limewash and brick painting in Magnolia, Texas. Which company should I hire and what should I ask them?",,,,,,,,,
P103,Magnolia,commercial painting,recommendation,"Who are the best commercial painting contractors in Magnolia, TX?",,,,,,,,,
P104,Magnolia,commercial painting,cost,"How much does it cost to repaint an office suite in Magnolia, TX in 2026?",,,,,,,,,
P105,Magnolia,commercial painting,selection,"I need commercial painting in Magnolia, Texas. Which company should I hire and what should I ask them?",,,,,,,,,
